Name,Division,Season,AvAge,GP,W,L,OL,PTS,PTS%,GF,GA,SRS,SOS,GF/G,GA/G,PP,PPO,PP%,PPA,PPOA,PK%,SH,SHA,S,S%,SA,SV%,PDO,SO,S%,SV%,PDO,CF,CA,CF%,xGF,xGA,aGF,aGA,axDiff,SCF,SCA,SCF%,HDF,HDA,HDF%,HDGF,HDC%,HDGA,HDCO%
Florida Panthers,Atlantic,2023-24,29.5,82,52,24,6,110,.671,265,198,0.81,-0.02,3.23,2.41,63,268,23.51,51,291,82.47,8,9,2764,7.2,2279,.935,100.6,8,7.2,.935,100.6,4212,3288,56.2,166.2,144.8,156,119,16,1889,1550,54.9,673,545,55.3,51,7.0,57,9.5
Boston Bruins,Atlantic,2023-24,28.6,82,47,20,15,109,.665,263,221,0.53,0.01,3.21,2.70,54,243,22.22,47,268,82.46,7,6,2399,8.9,2504,.934,102.3,5,8.9,.934,102.3,3550,3896,47.7,169.7,163.4,174,135,33,1706,1819,48.4,615,634,49.2,81,11.6,76,10.7
Toronto Maple Leafs,Atlantic,2023-24,28.9,82,46,26,10,102,.622,298,261,0.50,0.01,3.63,3.18,57,238,23.95,55,238,76.89,6,9,2671,8.9,2446,.917,100.5,5,8.9,.917,100.5,4102,3869,51.5,191.4,163.7,200,168,4,2005,1816,52.5,734,659,52.7,81,9.9,67,9.2
Tampa Bay Lightning,Atlantic,2023-24,29.1,82,45,29,8,98,.598,288,267,0.28,0.00,3.51,3.26,71,248,28.63,39,234,83.33,5,6,2401,8.6,2430,.909,99.5,4,8.6,.909,99.5,3845,3681,51.1,167.7,166.6,171,190,-20,1786,1720,50.9,614,622,49.7,69,10.1,74,10.6
Detroit Red Wings,Atlantic,2023-24,29.3,82,41,32,9,91,.555,275,273,0.06,0.02,3.35,3.33,63,273,23.08,49,240,79.58,7,10,2375,9.2,2657,.915,100.7,4,9.2,.915,100.7,3550,4089,46.5,150.6,177.0,177,189,14,1570,1906,45.2,504,668,43.0,71,12.3,74,10.0
Buffalo Sabres,Atlantic,2023-24,25.7,82,39,37,6,84,.512,244,243,0.03,0.01,2.98,2.96,37,223,16.59,49,243,79.84,7,10,2534,8.1,2402,.920,100.1,5,8.1,.920,100.1,3920,3734,51.2,168.0,172.8,174,159,20,1794,1867,49.0,580,698,45.4,57,8.9,63,8.3
Ottawa Senators,Atlantic,2023-24,27.0,82,37,41,4,78,.476,250,281,-0.28,0.04,3.05,3.43,51,283,18.02,61,245,75.10,7,6,2602,7.7,2432,.909,98.6,2,7.7,.909,98.6,3977,3827,51.0,166.7,163.9,163,192,-32,1782,1767,50.2,670,634,51.4,75,10.1,66,9.4
Montreal Canadiens,Atlantic,2023-24,26.7,82,30,36,16,76,.463,232,281,-0.59,0.05,2.83,3.43,44,252,17.46,65,277,76.53,7,12,2269,8.4,2738,.925,100.9,2,8.4,.925,100.9,3581,4159,46.3,157.6,174.5,160,164,13,1611,1997,44.7,575,716,44.5,73,11.3,59,7.6
New York Rangers,Metropolitan,2023-24,29.1,82,55,23,4,114,.695,278,226,0.61,-0.03,3.39,2.76,65,246,26.42,36,232,84.48,8,6,2582,7.8,2418,.921,99.9,6,7.8,.921,99.9,3959,3874,50.5,169.0,167.8,166,165,0,1855,1834,50.3,605,657,47.9,55,8.3,73,10.0
Carolina Hurricanes,Metropolitan,2023-24,29.4,82,52,23,7,111,.677,277,211,0.73,-0.04,3.38,2.57,67,249,26.91,35,258,86.43,11,8,2733,7.3,2101,.919,99.3,8,7.3,.919,99.3,4699,3119,60.1,172.8,151.5,169,146,2,2011,1452,58.1,713,529,57.4,61,7.9,58,9.9
New York Islanders,Metropolitan,2023-24,29.6,82,39,27,16,94,.573,245,258,-0.18,0.03,2.99,3.15,47,231,20.35,63,221,71.49,10,3,2470,7.7,2686,.930,100.7,5,7.7,.930,100.7,3910,4313,47.5,174.4,177.4,166,158,11,1805,1946,48.1,669,686,49.4,65,8.9,60,8.0
Washington Capitals,Metropolitan,2023-24,30.0,82,40,31,11,91,.555,216,252,-0.41,0.04,2.63,3.07,47,228,20.61,49,233,78.97,3,5,2172,7.8,2503,.918,99.6,7,7.8,.918,99.6,3640,4067,47.2,150.1,167.1,143,175,-15,1646,1806,47.7,610,637,48.9,63,9.4,69,9.8
Pittsburgh Penguins,Metropolitan,2023-24,31.3,82,38,32,12,88,.537,253,248,0.05,0.00,3.09,3.02,40,262,15.27,47,243,80.66,5,12,2685,7.9,2479,.919,99.8,8,7.9,.919,99.8,4190,3919,51.7,184.6,171.3,179,172,-6,1925,1869,50.7,705,623,53.1,71,9.1,73,10.5
Philadelphia Flyers,Metropolitan,2023-24,27.1,82,38,33,11,87,.530,231,258,-0.29,0.03,2.82,3.15,31,254,12.20,40,241,83.40,16,4,2708,7.1,2225,.905,97.6,5,7.1,.905,97.6,4101,3767,52.1,177.5,149.8,159,180,-49,1887,1680,52.9,673,589,53.3,66,8.9,70,10.6
New Jersey Devils,Metropolitan,2023-24,26.8,82,38,39,5,81,.494,264,281,-0.22,0.01,3.22,3.43,55,245,22.45,47,243,80.66,3,9,2516,8.3,2458,.912,99.5,1,8.3,.912,99.5,4032,3633,52.6,177.2,173.8,177,185,-11,1895,1756,51.9,720,642,52.9,69,8.7,77,10.7
Columbus Blue Jackets,Metropolitan,2023-24,26.8,82,27,43,12,66,.402,234,298,-0.72,0.05,2.85,3.63,32,212,15.09,56,236,76.27,5,6,2458,8.3,2822,.919,100.2,1,8.3,.919,100.2,3993,4281,48.3,165.1,195.1,175,196,9,1774,2010,46.9,650,729,47.1,72,10.0,71,8.9
Dallas Stars,Central,2023-24,29.3,82,52,21,9,113,.689,294,232,0.74,-0.04,3.59,2.83,58,240,24.17,43,239,82.01,12,4,2588,8.6,2350,.919,100.5,4,8.6,.919,100.5,4256,3666,53.7,182.3,151.5,192,160,1,1977,1647,54.6,633,540,54.0,73,10.3,71,11.6
Winnipeg Jets,Central,2023-24,29.4,82,52,24,6,110,.671,259,198,0.69,-0.04,3.16,2.41,45,240,18.75,51,223,77.13,3,5,2488,8.2,2429,.940,102.2,8,8.2,.940,102.2,3990,3742,51.6,171.1,161.9,178,121,48,1800,1718,51.2,602,615,49.5,65,9.7,49,7.4
Colorado Avalanche,Central,2023-24,28.8,82,50,25,7,107,.652,302,252,0.57,-0.05,3.68,3.07,68,278,24.46,53,264,79.92,7,6,2705,8.6,2444,.917,100.4,4,8.6,.917,100.4,4194,3690,53.2,184.5,163.6,196,168,7,1906,1677,53.2,661,609,52.0,64,8.8,70,10.3
Nashville Predators,Central,2023-24,29.5,82,47,30,5,99,.604,266,248,0.23,-0.02,3.24,3.02,58,269,21.56,57,247,76.92,7,5,2642,7.6,2507,.927,100.4,4,7.6,.927,100.4,4052,3765,51.8,182.3,168.7,168,153,1,1901,1743,52.2,650,601,52.0,72,10.0,55,8.4
St. Louis Blues,Central,2023-24,29.0,82,43,33,6,92,.561,234,248,-0.14,-0.01,2.85,3.02,45,250,18.00,46,215,78.60,11,7,2370,7.7,2636,.927,100.4,4,7.7,.927,100.4,3469,4088,45.9,157.5,183.7,151,167,10,1617,1944,45.4,543,680,44.4,54,9.0,67,9.0
Minnesota Wild,Central,2023-24,29.3,82,39,34,9,87,.530,248,260,-0.14,0.01,3.02,3.17,62,273,22.71,67,263,74.52,3,11,2471,8.2,2437,.917,99.9,6,8.2,.917,99.9,3710,3662,50.3,151.2,149.3,159,163,-6,1656,1577,51.2,541,501,51.9,64,10.6,52,9.4
Arizona Coyotes,Central,2023-24,26.7,82,36,41,5,77,.470,254,274,-0.21,0.01,3.10,3.34,53,241,21.99,63,266,76.32,7,7,2273,8.8,2598,.920,100.8,7,8.8,.920,100.8,3707,3856,49.0,160.9,180.1,171,171,19,1763,1817,49.2,618,622,49.8,67,9.8,63,9.2
Chicago Blackhawks,Central,2023-24,27.4,82,23,53,6,52,.317,178,289,-1.29,0.06,2.17,3.52,39,235,16.60,56,231,75.76,3,8,2153,6.5,2681,.915,98.1,1,6.5,.915,98.1,3384,4257,44.3,143.8,194.0,118,202,-34,1483,2074,41.7,503,716,41.3,51,9.2,68,8.7
Vancouver Canucks,Pacific,2023-24,28.6,82,50,23,9,109,.665,279,221,0.64,-0.04,3.40,2.70,58,257,22.57,53,254,79.13,7,7,2328,9.6,2343,.928,102.4,7,9.6,.928,102.4,3750,3459,52.0,168.1,159.1,187,136,42,1737,1593,52.2,613,585,51.2,82,11.8,57,8.9
Edmonton Oilers,Pacific,2023-24,29.4,82,49,27,6,104,.634,292,236,0.65,-0.04,3.56,2.88,64,243,26.34,53,258,79.46,7,5,2768,8.1,2307,.921,100.2,4,8.1,.921,100.2,4303,3431,55.6,209.0,158.7,193,153,-10,2106,1687,55.5,765,547,58.3,93,10.8,61,10.0
Los Angeles Kings,Pacific,2023-24,29.5,82,44,27,11,99,.604,254,210,0.45,-0.05,3.10,2.56,56,248,22.58,39,253,84.58,11,7,2616,7.3,2296,.923,99.6,7,7.3,.923,99.6,4160,3486,54.4,169.6,146.3,165,143,-1,1843,1593,53.6,645,540,54.4,67,9.4,61,10.1
Vegas Golden Knights,Pacific,2023-24,29.0,82,45,29,8,98,.598,263,243,0.22,-0.05,3.21,2.96,51,252,20.24,44,213,79.34,9,8,2548,8.1,2487,.923,100.4,3,8.1,.923,100.4,3977,4135,49.0,174.0,164.6,176,163,4,1787,1847,49.2,648,654,49.8,64,9.0,67,9.3
Calgary Flames,Pacific,2023-24,29.2,82,38,39,5,81,.494,253,267,-0.20,0.02,3.09,3.26,45,252,17.86,47,245,80.82,11,11,2572,7.7,2438,.913,99.0,2,7.7,.913,99.0,4122,3851,51.7,170.3,172.5,167,181,-12,1827,1813,50.2,662,627,51.4,63,8.7,61,8.9
Seattle Kraken,Pacific,2023-24,29.4,82,34,35,13,81,.494,214,232,-0.26,-0.03,2.61,2.83,50,242,20.66,47,222,78.83,6,9,2347,7.1,2391,.928,100.0,5,7.1,.928,100.0,4033,3753,51.8,155.1,148.1,144,146,-9,1790,1705,51.2,598,583,50.6,46,7.1,52,8.2
Anaheim Ducks,Pacific,2023-24,27.7,82,27,50,5,59,.360,203,293,-1.09,0.02,2.48,3.57,43,235,18.30,91,330,72.42,12,5,2194,7.1,2666,.917,98.8,1,7.1,.917,98.8,3339,3787,46.9,142.3,173.3,127,174,-16,1556,1793,46.5,520,632,45.1,52,9.1,78,11.0
San Jose Sharks,Pacific,2023-24,27.7,82,19,54,9,47,.287,180,326,-1.78,0.05,2.20,3.98,42,208,20.19,62,252,75.40,3,8,2069,6.6,2881,.909,97.5,2,6.6,.909,97.5,3565,4464,44.4,135.8,210.9,119,226,-32,1535,2202,41.1,559,751,42.7,44,7.3,82,9.8
